bl_id,title,type,sources,req_ids,package,blocks,landing,gate,size,status
BL-01,"Cross-implementation conformance cells — E2/E3 byte-equality re-runs over the golden corpora (canonical form, ledger transcript, registry snapshot, plugin manifest) + C12 polyglot CI measurement",external-dep,R-2.12.1; DF-S0.3-2; DF-S1.2-2; DF-S1.5-3; DF-S1.8-1; DF-S1.27-1; ADR-0223; ADR-0239,R-2.12.1; R-2.12.3; R-2.12.2; R-2.10.2; R-2.2.1,conformance,cross-implementation byte-equality claims (foreign toolchains required),round-2 (foreign toolchains),GATE-ACCEPT signed (item 9),L,accepted
BL-02,R2 cross-camp human reviewer signature on the S0.3 measurement sheet (machine cells DONE; human signature cannot be minted in-build),operational-prereq,DF-S0.3-3; ADR-0225,R-2.12.3,program,independent human sign-off on the ecosystem sheet,operator (human reviewer),GATE-ACCEPT signed (item 7),S,accepted
BL-03,HUMAN-H1 — E3 surface-ecosystem binding for the generated clients (web instrument + surface bindings; in-ecosystem generated client is the declared proxy),operational-prereq,DF-S4.10-1; ADR-0218; ADR-0301; ADR-0302,R-2.11.2; R-2.11.4,surfaces,real E3-surface client + far-side drift checks,operator (HUMAN-H1),GATE-ACCEPT signed (item 5),M,accepted
BL-04,HUMAN-H2 — real issue tracker + signed webhook for the Stage-5 fleet adapter (fixture adapter is the declared honest proxy),operational-prereq,DF-S5.6-1; ADR-0317,R-2.12.6,fleet,real-tracker adapter legs (AC-9 with live source),operator (HUMAN-H2),GATE-ACCEPT signed (item 6),M,accepted
BL-05,"Gate-accepted executable-battery arms (G2/G3 recorded set): LT-03 live-corpus injection arm, exposure-form arm, OOP validator conformance battery, declare_experiment/arm/oracle ops + rule-4 reading, audit emitter halves, measurement/Lab Stage-3+ halves, live exporter seam",deferred-feature,DF-S1.13-3; DF-S1.15-1; DF-S1.17-1; DF-S1.21-2; DF-S1.22-1; DF-S1.24-1; DF-S1.14-4; ADR-0247; ADR-0287,R-2.8.3; R-2.8.6; R-2.5.3; R-2.7.1; R-2.9.2; R-2.9.4; R-2.9.1,security+lab,the gate-accepted live-corpus / OOP-battery / exporter-seam arms,round-2,GATE-ACCEPT signed (item 10),L,accepted
BL-10,"Assembly Stage-3+ residual — profile_binding constraint grammar, organisation layers (C2), AC-CC-11 one-fixture-per-code corpus gate",deferred-feature,R-2.1.4; DF-S1.9-2; ADR-0240,R-2.1.4,hh-assembly,R-2.1.4 PARTIAL -> MET,round-2,none,M,open
BL-11,Ledger producer legs — tiered hot/warm/cold retention + compression-at-rest producer path; S3.6 replay driver executing a forked branch under its recorded policy,deferred-feature,R-2.2.1; DF-S1.5-1; DF-S2.9-1; ADR-0271; ADR-0307,R-2.2.1; R-2.2.3; R-2.2.4,hh-ledger,"R-2.2.1 PARTIAL -> MET (retention leg); OQ-388 interim stands until REC.2 ruling. Closed 2026-10-06 (R2.2): RetentionPolicy + evaluate_retention landed (lifecycle.ledger.tier_transition durable-before-mutation; HHZ1 cold compression under the same content address; gc_bounded citation pin; subscribe replay Rewind) — ac_r221_* 11 tests + emitter legs (budget_hard / effect_unknown escalations); ADR-0333; DF-S1.5-1 and DF-S2.9-1 flipped DONE",round-2,none,L,closed
BL-12,"Durable-execution producer legs — suspend/compensate/heal entry points, healing_policy_ref emission, wakeup producer halves",deferred-feature,R-2.2.3; DF-S2.3-1; ADR-0265,R-2.2.3,hh-env,"R-2.2.3 PARTIAL -> MET. Closed 2026-10-06 (R2.3): suspend/compensate/heal boundary ops under the writer lease (S-1 pre-checked; host-declared compensate outcomes; heal verdict measured, session rebinds to the successor); healing_policy_ref emitted to the manifest from connection_info and resolved through the one RegistryStore (typed Refused on unresolvable/malformed); wakeup producer legs landed — deliver_wakeup's producer pass mints retry_due from control.retry.scheduled and effect_terminal from deliver_after-withheld fires, permission-deadline pendings mint Timer; ADR-0334; DF-S2.3-1 dated residual carried",round-2,none,M,closed
BL-13,Env/snapshot surface legs — env open/attach/close/diff/restore/upload/download backing ops (refuse stage_pending today); automatic fs_tree snapshot cadence,deferred-feature,R-2.2.4; R-2.2.5; R-2.11.1; DF-S2.9-3; DF-S2.10-1; ADR-0272,R-2.2.4; R-2.2.5; R-2.11.1,hh-env+hh-cli,"R-2.2.4/R-2.2.5/R-2.11.1 PARTIAL -> MET; un-ignores the last composed xfail. Closed 2026-10-06 (R2.4): env.open/attach/close/diff/restore/upload/download boundary ops capability-gated end-to-end + declared snapshot cadence at the sink seam (ADR-0335); CAP.2 cadence xfail un-ignored and green",round-2,none,M,closed
BL-14,Control-plane steer legs — durable queue_next_turn steer delivery (cue channel); steerable-interpreter + InvocationTrail residuals; out-of-process control_strategy conformance,deferred-feature,R-2.6.1; DF-S2.11-1; DF-S1.20-1; ADR-0273,R-2.6.1; R-2.2.3,hh-control,R-2.6.1 PARTIAL -> MET,round-2,none,M,open
BL-15,"Context/memory producer legs + 5c executable battery — deliver_wakeup steer arm, mark_scope_ended sequencing, resume_set consumers, judged/human detectors, OOP differential corpus, MemoryUsage-fed reclamation, kernel emitter call sites",deferred-feature,R-2.4.1; R-2.4.2; R-2.4.3; R-2.4.4; DF-S2.8-1; DF-S1.19-1; DF-S1.19-2; ADR-0254; ADR-0255,R-2.4.1; R-2.4.2; R-2.4.3; R-2.4.4,hh-context,R-2.4.1..R-2.4.4 PARTIAL -> MET,round-2,none,L,open
BL-16,"Tool-exposure residual — PlanMap/composite SurfaceBindings, code_mode exposure, action.tool.surface_rejected emission halves, AC-E3 conformance legs",deferred-feature,R-2.5.2; R-2.5.3; DF-S1.17-2; DF-S1.17-3; ADR-0252; ADR-0286,R-2.5.2; R-2.5.3,hh-registry+hh-compiler,R-2.5.2/R-2.5.3 PARTIAL -> MET,round-2,none,M,open
BL-17,Verification-plane legs — diff_sanity conditioned HarnessRule + gate call-site halves; execution_alignment C2 variant (D1/D4); CriticDeclaration{kind=judge} binding at link; belief-probe emitters,deferred-feature,R-2.7.1; R-2.7.2b; DF-S1.21-1; DF-S1.21-3; ADR-0257; ADR-0300; ADR-0311; ADR-0316,R-2.7.1; R-2.7.2b,hh-verification,R-2.7.1/R-2.7.2b PARTIAL -> MET,round-2,none,L,open
BL-18,"Egress/containment mediator legs — decide_egress normative decision order, amend()+AmendmentDiff provenance, T-CON AC-H4 executable battery, tls.terminate+inspect_hooks C2 halves, ask-endorsement ingress + fork rebind call site, leak_scan Stage-3 surfaces",deferred-feature,R-2.8.4; DF-S1.12-1; DF-S1.12-2; DF-S1.12-4; DF-S1.12-6; DF-S2.4-1; DF-S2.4-3; ADR-0266; ADR-0289; ADR-0330,R-2.8.4; R-2.8.3,hh-containment+hh-env,R-2.8.4 PARTIAL -> MET,round-2,none,L,open
BL-19,"Credential-broker legs — Injected{carrier} mediated delivery at the egress mediator, DPoP sender constraint, known_value_encoded detectors + LT-12",deferred-feature,R-2.8.3; DF-S1.13-1; DF-S1.13-4; ADR-0244,R-2.8.3,hh-secrets,R-2.8.3 PARTIAL -> MET,round-2,none,M,open
BL-20,"IFC residual — labels_leaves per-leaf admission walk, remedy-consumed machinery, reader-set flow residuals",deferred-feature,R-2.8.2; DF-S2.7-1; ADR-0269; ADR-0288,R-2.8.2,hh-containment,R-2.8.2 PARTIAL -> MET,round-2,none,M,open
BL-21,"Audit-trail residual — hosted-participant n/a completeness rendering, run-bundle attestation, 3-of-7 emission halves",deferred-feature,R-2.8.6; DF-S1.15-3; ADR-0248,R-2.8.6,hh-ledger,R-2.8.6 PARTIAL -> MET,round-2,none,M,open
BL-22,Approvals residual — ApprovalOption.modify C2 half + mid-dispatch human-ask legs,deferred-feature,R-2.8.7; DF-S1.23-1; ADR-0259,R-2.8.7,hh-monitor,R-2.8.7 PARTIAL -> MET,round-2,none,M,open
BL-23,Reference-monitor Stage-3/4 executable acceptance — AT-H1 battery legs + matched-budget Pi verification cell,deferred-feature,DF-S1.11-2,R-2.8.1; R-2.3.3,hh-monitor,Pi verification cell (the R-2.8.1/R-2.3.3 residual legs),round-2,none,M,open
BL-24,"Telemetry emitter/view halves + 5h.1 executable battery — M5/M6/M13-M15 emitter classes, exporter seam in-process delivery, measurement.export leg",deferred-feature,R-2.9.1; DF-S1.14-1; DF-S1.14-2; ADR-0245; ADR-0246,R-2.9.1,hh-telemetry,R-2.9.1 PARTIAL -> MET,round-2,none,M,open
BL-25,"Eval residual — combined-failure fixture, search_budget=unknown leg, LeakedSplit + HAL FaultType residuals",deferred-feature,R-2.9.2; DF-S1.22-2; ADR-0258,R-2.9.2,hh-eval,R-2.9.2 PARTIAL -> MET,round-2,none,M,open
BL-26,"Benchmark/measurement legs — foreign-benchmark import over real manifests, task_id round-trip stability, production resolver-backed validate_removal_test checks",deferred-feature,R-2.9.4; R-2.9.6; DF-S1.24-2; ADR-0290,R-2.9.4; R-2.9.6,hh-bench+hh-debt,R-2.9.4/R-2.9.6 PARTIAL -> MET,round-2,none,M,open
BL-27,"Embed/MCP surface legs — DefinitionInput::Ref definition-publishing surface, Streamable HTTP SSE half, oauth/mtls CallerCredential mediator",deferred-feature,R-2.11.3; R-2.11.4; DF-S1.25-1; DF-S4.11-1; DF-S4.11-2; ADR-0303; ADR-0318; ADR-0319,R-2.11.3; R-2.11.4,hh-embed+hh-mcp-lab,R-2.11.3/R-2.11.4 PARTIAL -> MET,round-2,none,M,open
BL-28,Extension-trust producer legs — remaining security.extension.* emitters,deferred-feature,R-2.8.5; DF-S1.23-2,R-2.8.5,hh-registry,R-2.8.5 PARTIAL -> MET,round-2,none,S,open
BL-29,DEFERRALS bookkeeping flips — DF-S1.3-2 (discharge recorded in-cell at S4.5a) and DF-S1.9-4 (audit ran CAP.1; finding DF-S3.12b-2 closed CAP.3) are unflipped status cells,process,DF-S1.3-2; DF-S1.9-4,R-2.1.5; R-2.1.4,process,ledger hygiene only — the work is done,round-2 (any next ticket may flip),none,S,closed
BL-30,"Spec/governance rulings (REC.2 scope) — signer custody ruling (ADR-0213), OQ-388 latency-bound ratification (WS-B1/K2), ModelProfile/2 debt.hypothesis typed-field vs string ruling, parked-detach closed-sum ruling; open conflict-register items CF-476/CF-487",schema-refinement,DF-S2.5-1; DF-S4.13-1; DF-S1.24-3; DF-S1.26-2; CF-476; CF-487; ADR-0267; ADR-0305; ADR-0260; ADR-0261; ADR-0274; ADR-0331,R-2.8.6; R-2.2.1; R-2.9.4; R-2.9.6; R-2.11.1,spec,"four DF cells need a spec/ADR ruling, not code",REC.2,none,M,open
BL-31,"Live provider transports + TLS-terminating production transport — real Transport/CredentialPort impls (fakes landed), non-static routing-policy arms, real Embedder/Summarizer/ProviderCompaction adapters",external-dep,DF-S1.18-1; DF-S2.4-2; ADR-0253; ADR-0284; ADR-0313,R-2.3.1; R-2.8.3; R-2.8.4,infra,real provider endpoints/credentials; non-loopback egress,REC.3,none,M,open
BL-32,Remote fetch transports + remaining foreign import/export vocabularies — manifest.locations[] fetch transports with trust fields; swebench_submission/inspect_eval_log/in_toto_bundle/telemetry_trace lifts,external-dep,R-2.9.3; R-2.10.3; R-2.10.5; DF-S4.2-1; DF-S4.2-2; ADR-0292; ADR-0293; ADR-0294; ADR-0308,R-2.9.3; R-2.10.3; R-2.10.5,hh-bundle+hh-results,remote fetch + foreign vocabularies,REC.3,none,L,open
BL-33,"WS-L6 deferral package (ADR-0210) — R-2.12.4 packaging/licensing/OSS governance + the 13 owned questions (naming, vendor prefixes, pricing governance, trust roots, retention durations, executable name, spec-debt ownership)",rights/legal,R-2.12.4; ADR-0210; OQ-035; OQ-068; OQ-093; OQ-162; OQ-173; OQ-218; OQ-332; OQ-383; OQ-384; OQ-389; OQ-394; OQ-411; OQ-445,R-2.12.4,spec-registers,packaging/licensing/naming posture (deferred by spec),program-resume (WS-L6),none,L,open
BL-34,ADR-0211 ratified deferral set — the six out-of-ladder deferrals (spec 11.4 D-1..D-6) + OQ-461/462/463,process,ADR-0211; OQ-461; OQ-462; OQ-463; D-1..D-6,,spec-registers,entry-test-gated re-entry,program-resume,none,M,open
BL-35,ADR-0212 Stage 0-1 stage-blocking questions — deferred measurements/grammars whose MUST-data placeholders are in force,process,ADR-0212; OQ-131; OQ-132; OQ-133; OQ-142; OQ-149; OQ-165; OQ-201; OQ-219; OQ-223; OQ-235; OQ-240; OQ-402; ADR-0242,R-2.11.4,spec-registers,interim rules in force until the named measurements ratify,round-2 revalidation,none,M,open
BL-36,ADR-0213 Stage 2-3 stage-blocking questions — 23 deferred questions incl. OQ-363 matched-cap run-sharing,process,ADR-0213; OQ-030; OQ-075; OQ-113; OQ-150; OQ-157; OQ-160; OQ-170; OQ-178; OQ-186; OQ-210; OQ-256; OQ-273; OQ-307; OQ-336; OQ-338; OQ-342; OQ-360; OQ-363; OQ-366; OQ-367; OQ-375; OQ-387; OQ-407; ADR-0278,,spec-registers,interim rules in force,round-2 revalidation,none,M,open
BL-37,ADR-0214 Stage 4-6 stage-blocking questions — 34 deferred questions incl. OQ-177 grant-surface and OQ-388 latency bound,process,ADR-0214; OQ-116; OQ-177; OQ-242; OQ-246; OQ-368; OQ-378; OQ-379; OQ-380; OQ-381; OQ-386; OQ-388; OQ-392; OQ-400; OQ-401; OQ-405; OQ-413; OQ-417; OQ-418; OQ-420; OQ-424; OQ-430; OQ-432; OQ-433; OQ-434; OQ-435; OQ-436; OQ-438; OQ-441; OQ-446; OQ-448; OQ-450; OQ-453; OQ-457; OQ-458; ADR-0306,,spec-registers,interim rules in force,round-2 revalidation,none,M,open
BL-38,ADR-0215 program-level deferral candidates + OQ-440 — 15 questions incl. the HIR/2 DecisionPoint backlog,process,ADR-0215; OQ-292; OQ-422; OQ-423; OQ-425; OQ-429; OQ-431; OQ-437; OQ-439; OQ-440; OQ-443; OQ-449; OQ-451; OQ-456; OQ-459; OQ-466,,spec-registers,HIR/2 backlog items,program-resume,none,M,open
BL-39,ADR-0216 fixer deferrals — OQ-465/467/468 (interim leaf homes under OQ-467),process,ADR-0216; OQ-465; OQ-467; OQ-468; ADR-0231,R-2.1.1,spec-registers,interim leaf homes (ADR-0216/OQ-467),round-2 revalidation,none,S,open
BL-40,spec-debt register first revalidation sweep — 216 active AssumptionDebtRecord rows (ADR-0198 D1/D4); grade confirmation owed at the first RK-06 review (evidence_max_age OQ-445),process,spec-debt-ADR-0001..ADR-0216,,spec-registers,216 active assumption-debt rows never yet re-reviewed,round-2 (RK-06 first revalidation),none,M,open
BL-41,Ledger OPEN-FINDINGS dispositions — edit-tool stale-view anomaly carries the standing shell/python+git-diff rule; CC4 report-prose nit adjudicated out-of-scope at CAP.3; concurrent-writer + foreign-writer findings resolved; G1 deviations discharged at GATE-ACCEPT,process,LEDGER-OF-1; LEDGER-OF-2; LEDGER-OF-3; LEDGER-OF-4; LEDGER-OF-5,,process,write-integrity standing rule on build-memory files,every-session,none,S,accepted
BL-42,ADR revisit triggers — quiet/dormant this round (31 standing conditions; the dated sweep of record is BACKLOG.md); each re-fires on its named condition,process,ADR-0217; ADR-0222; ADR-0229; ADR-0232; ADR-0233; ADR-0236; ADR-0251; ADR-0262; ADR-0263; ADR-0264; ADR-0270; ADR-0285; ADR-0295; ADR-0296; ADR-0297; ADR-0298; ADR-0304; ADR-0309; ADR-0310; ADR-0312; ADR-0314; ADR-0315; ADR-0321; ADR-0322; ADR-0323; ADR-0324; ADR-0325; ADR-0327; ADR-0328; ADR-0329; ADR-0332; ADR-0333; ADR-0334,,process,33 standing triggers,per-trigger named condition / next reconcile round,none,S,open
BL-43,ADR revisit triggers — fired and answered during the build (30 triggers whose named condition landed and was discharged; the dated sweep of record is BACKLOG.md),process,ADR-0219; ADR-0220; ADR-0221; ADR-0224; ADR-0226; ADR-0227; ADR-0228; ADR-0230; ADR-0234; ADR-0235; ADR-0237; ADR-0238; ADR-0241; ADR-0243; ADR-0249; ADR-0250; ADR-0256; ADR-0268; ADR-0275; ADR-0276; ADR-0277; ADR-0279; ADR-0280; ADR-0281; ADR-0282; ADR-0283; ADR-0291; ADR-0299; ADR-0320; ADR-0326,,process,none — discharged; triggers re-arm per their own text,discharged (build stages 0-6 + CAP.3),none,S,accepted
