id,level,spec_section,class,verdict,evidence,owning_tickets,tests,adrs,routing,note
R-2.1.1,cross,§2,C0,MET,crates/hh-ontology/src/planes.rs:279,S1.1,crates/hh-ontology/tests/acceptance.rs,ADR-0012..0014; ADR-0227; ADR-0228,,Seven-plane ontology + classify_home total over registered kinds + provenance/subsumption edges all landed and tested; no open deferrals.
R-2.1.2,object,§3.1,C0,MET,crates/hh-hir/tests/validate_matrix.rs,S0.2; S1.4; S3.2,crates/hh-hir/tests/corpus.rs; crates/hh-hir/tests/assembly_slots.rs; crates/hh-hir/tests/seal_identity.rs,ADR-0015..0018; ADR-0232,,HIR/1 entity/edge set + validate + enforce/overlay landed across three stages; DF-S1.1-1/S1.3-*/S1.4-1 all DONE.
R-2.1.3,object,§3.2,C0,MET,crates/hh-compiler/src/compiler.rs:145,S1.10; S3.2; S4.5b,crates/hh-compiler/tests/acceptance.rs; crates/hh-compiler/tests/s3_2.rs; crates/hh-embed/src/work.rs:382,ADR-0019..0022; ADR-0276,,Closed-world compile + lower/lift/lcd_report + mid-run model.surface.relowered emission (work.rs:382) landed; T-LCD-03/04 executables green.
R-2.1.4,object,§3.3,C0,PARTIAL,crates/hh-assembly/src/compose.rs:55,S1.9; S3.2; S5.1,crates/hh-assembly/tests/acceptance.rs; crates/hh-assembly/tests/s3_2.rs,ADR-0023..0025,defer-DF-S1.9-2; DF-S1.9-4; DF-S3.12b-2,Assembly language + equivalence landed; open residuals: profile_binding constraint grammar + organizational layers (C2) + AC-CC-11 corpus gate (DF-S1.9-2); ADR rung-statement uniformity routed here/CAP chore (DF-S3.12b-2).
R-2.1.5,cross,§8.1,C0,MET,crates/hh-provenance/src/origin.rs:276,S0.2; S1.3; S3.11a; S4.14b,crates/hh-provenance/tests/acceptance.rs; crates/hh-ledger/tests/s3_11b.rs,ADR-0033..0035,,Provenance + authority model enforced at append (MissingProvenance/AuthorityExceedsOrigin/TextAboveExternal paths); security-eval slice landed S3.11a/S4.14b.
R-2.1.6,cross,§8.2,C0,MET,crates/hh-budget/src/account.rs:594,S0.2; S1.6; S4.6; S6.1a,crates/hh-budget/tests/golden_usage.rs; crates/hh-budget/tests/account.rs,ADR-0039..0041,,Resource-economics accounting + matched-budget metering + overlay/namepsace slices landed; golden usage corpus green.
R-2.2.1,object,§5a.1,C0,PARTIAL,crates/hh-ledger/src/store.rs:1348,S1.5; S2.9; S3.6; S4.13,crates/hh-ledger/tests/acceptance.rs; crates/hh-ledger/tests/s4_13.rs; crates/hh-ledger/tests/s4_9_fleet.rs,ADR-0026..0029; ADR-0305,defer-DF-S1.5-1; DF-S2.9-1; DF-S4.13-1,Core ledger (envelope/hash chain/leases/fork/redact/gc/project/verify/subscribe) landed and tested; open: tiered hot/warm/cold retention + compression-at-rest producer path (DF-S1.5-1/DF-S2.9-1); OQ-388 latency bound measured+test-enforced but ratification outstanding (DF-S4.13-1); cross-impl GATE-ACCEPT cells open (DF-S0.3-2/-3 DF-S1.5-3).
R-2.2.2,object,§5a.2,C0,MET,crates/hh-ledger/src/saga.rs:1,S1.7; S2.3; S3.6; S4.13,crates/hh-ledger/tests/effect.rs; crates/hh-ledger/tests/s4_13.rs,ADR-0030..0032,,Twelve-phase effect lifecycle + write-ahead committed + compensating saga compensate_run + dedup/fencing landed; DF-S1.6-1 DONE.
R-2.2.3,object,§5a.3,C1,PARTIAL,crates/hh-ledger/src/recovery.rs:236,S1.7; S2.3; S3.6; S4.13; S5.8,crates/hh-ledger/tests/durable_execution.rs; crates/hh-env/tests/kill_point_battery.rs; crates/hh-env/tests/durable_recovery.rs,ADR-0130..0132,defer-DF-S2.3-1; DF-S1.20-1; DF-S2.11-1,Checkpoint/restore/takeover/retry_due + kill-point battery landed; open producer legs: suspend/compensate/heal entry points + healing_policy_ref emission + wakeup producer halves (DF-S2.3-1); steerable-interpreter leg (DF-S1.20-1).
R-2.2.4,object,§5a.4,C2,PARTIAL,crates/hh-ledger/src/branch.rs:698,S2.9; S3.6; S4.13,crates/hh-ledger/tests/branch_model.rs; crates/hh-ledger/tests/s4_13.rs; crates/hh-ledger/tests/replay.rs,ADR-0133..0135,defer-DF-S2.9-3,Branch model + coherent fork points + intra-run branches + promote/discard + SpeculationPolicy + replay drivers landed (S4.13); open: snapshot-producer cadence unwired on live runs so fork{env:snapshot} always refuses SnapshotUnavailable on real runs (DF-S2.9-3).
R-2.2.5,object,§5a.5,C0,PARTIAL,crates/hh-env/src/driver.rs:1425,S0.2; S0.3; S1.16; S2.1; S4.13; S5.8,crates/hh-env/tests/acceptance.rs; crates/hh-env/tests/durable_recovery.rs; crates/hh-env/tests/s5_8.rs,ADR-0136..0138,defer-DF-S2.10-1; DF-S2.9-3,Env handles + driver derive/suspend/heal/resume + env.snapshot boundary op landed; open: env open/attach/close/diff/restore/upload/download have no backing op and refuse stage_pending at CLI (DF-S2.10-1); snapshot cadence (DF-S2.9-3).
R-2.3.1,object,§5b.1,C0,MET,crates/hh-gateway/src/gateway.rs,S0.2; S1.18; S3.7,crates/hh-gateway/tests/model_plane.rs; crates/hh-gateway/tests/golden_streams.rs,ADR-0118..0120,defer-DF-S1.18-1,Model adapter/gateway + typed refusal algebra + golden streams landed; residual is live Transport/CredentialPort impls for real providers (foreign-environment leg — DF-S1.18-1).
R-2.3.2,object,§5b.2,C1,MET,crates/hh-gateway/src/router.rs,S0.2; S3.7; S4.16a; S5.1,crates/hh-gateway/tests/model_plane.rs,ADR-0121..0123,,Router policy family + retry-vs-reroute + bandit family landed S4.16a/S5.1; DF-S4.16a-1 DONE.
R-2.3.3,object,§5b.3,C1,MET,crates/hh-compiler/tests/profile_test.rs,S1.18; S5.1,crates/hh-compiler/tests/profile_test.rs; crates/hh-gateway/tests/snapshot.rs,ADR-0124..0126,defer-DF-S1.11-2,Model Profile records + profile compiler family + expiry landed; residual is a matched-budget comparison verification cell carried to GATE-ACCEPT (DF-S1.11-2 V).
R-2.3.4,object,§5b.4,C1,MET,crates/hh-gateway/src/cache.rs,S1.18; S2.10; S2.12; S3.7; S4.16a; S5.1,crates/hh-env/tests/k4_cache.rs; crates/hh-gateway/tests/model_plane.rs,ADR-0127..0129,,K4 semantic cache + token-economics metering landed incl. threshold/calibration ratification (DF-S4.16a-1 DONE).
R-2.4.1,object,§5c.1,C0,PARTIAL,crates/hh-context/src/assemble.rs:276,S0.2; S1.19; S2.8; S3.8; S5.2; S6.2; CAP.3,crates/hh-context/tests/acceptance.rs; crates/hh-context/tests/acceptance_s28.rs; crates/hh-embed/tests/cap_2_composed.rs,ADR-0072..0074; ADR-0330,done-CAP.3-DF-S2.8-1(a),CAP.3: KernelAssembler now invokes the real hh_context::assemble over the run durable prefix via AssemblerPort/AssembleInputs — context.assembled is the builder canonical plan record and side-band emissions land durable (cap2_turn_loop_runs_hh_context_assembler green). Residuals stay on DF-S2.8-1: deliver_wakeup steer arm, mark_scope_ended sequencing, resume_set consumers, judged/human detectors, OOP differential corpus.
R-2.4.2,object,§5c.2,C1,PARTIAL,crates/hh-context/src/compact_family.rs,S2.8; S4.16b; S5.2; S6.2,crates/hh-context/tests/s5_2.rs; crates/hh-varhost/tests/package_variant.rs,ADR-0075..0077,defer-DF-S2.8-1,Compaction family landed incl. OOP hh-compact-evict-oldest variant host; open: declared summarizer variant unwired (Summarize executes only under declared summariser); OOP byte-differential conformance run vs kernel rung not wired (DF-S2.8-1 d/f).
R-2.4.3,object,§5c.3,C1,PARTIAL,crates/hh-context/src/retrieve.rs,S1.19; S2.8; S4.16b; S5.2,crates/hh-context/tests/s4_16b.rs; crates/hh-context/tests/k5.rs,ADR-0078..0080,defer-DF-S2.8-1; DF-S1.19-1,Ranker family + memory hierarchy landed S4.16b; open: non-instruction compilation targets return typed SelectError (workflow_node/subagent_task unbacked); resume_set consumers absent; non-lexical indexes leg (DF-S2.8-1 b/c; DF-S1.19-1).
R-2.4.4,object,§5c.4,C2,PARTIAL,crates/hh-context/src/memory.rs,S1.19; S2.8; S4.16b; S6.2,crates/hh-context/tests/acceptance_s28.rs; crates/hh-context/tests/s4_16b.rs,ADR-0081..0083,defer-DF-S1.19-1,Memory lifecycle semantics + MemoryStore ABI landed; open: MemoryUsage-fed reclamation leg and live-loop scope-ended producers unwired (DF-S1.19-1/DF-S2.8-1).
R-2.4.5,object,§5c.5,C2,MET,crates/hh-context/src/procedure.rs,S2.8; S3.8; S4.16b; S5.2,crates/hh-lab/tests/procedure_test.rs; crates/hh-hir/tests/procedure.rs,ADR-0084..0086,,Skills + Procedure IR + hook-guard validation (validate_hook_guard hh-hir/src/procedure.rs:1757) landed and tested.
R-2.5.1,object,§5d.1,C0,MET,crates/hh-registry/src/capability.rs,S1.17; S2.11,crates/hh-registry/tests/capability.rs; crates/hh-registry/tests/acceptance.rs,ADR-0087..0089,,Tool registry + typed capabilities + ToolCapabilityRecord validation (hh-hir/src/tools.rs:389) landed.
R-2.5.2,object,§5d.2,C2,PARTIAL,crates/hh-compiler/tests/exposure.rs,S1.17; S3.9; S5.2,crates/hh-compiler/tests/exposure.rs; crates/hh-compiler/tests/exposure_c1.rs; crates/hh-compiler/tests/s5_2.rs,ADR-0090..0092,defer-DF-S1.17-2,Tool-interface compiler + split/composite surfaces largely landed (truncate + check_distinguishable landed); DF-S1.17-2 remains OPEN with residual PlanMap/CompositeBindings legs.
R-2.5.3,object,§5d.3,C1,PARTIAL,crates/hh-registry/tests/s3_9.rs,S1.17; S2.10; S3.9,crates/hh-registry/tests/s3_9.rs,ADR-0093..0095,defer-DF-S1.17-1; DF-S1.17-3,Discovery + deferred loading + exposure catalogue landed; open: exposure-catalogue exercise leg (DF-S1.17-1 V) and action.tool.surface_rejected emission halves (DF-S1.17-3).
R-2.5.4,object,§5d.4,C1,MET,crates/hh-mcp/src/listing.rs:23,S3.9; S4.5b,crates/hh-mcp/tests/serve_stdio.rs; crates/hh-acp/tests/session.rs; crates/hh-acp/tests/s4_14a.rs,ADR-0096..0099,,MCP client+server + A2A + ACP session transport landed; DF-S3.9-1 DONE.
R-2.5.5,object,§5d.5,C0,MET,crates/hh-env/tests/helper_live.rs,S0.2; S0.3; S1.16; S2.1,crates/hh-env/tests/helper_live.rs; crates/hh-containment/tests/acceptance.rs,ADR-0100..0102,,Sandboxed tool execution + seven-stage effect capture + fail-closed attach landed from Stage 0/1 slices through helper.
R-2.6.1,object,§5e.1,C0,PARTIAL,crates/hh-control/src/strategy.rs,S0.2; S1.20; S2.11; S3.10; S6.1a,crates/hh-control/tests/s3_10.rs,ADR-0103..0105,defer-DF-S2.11-1; DF-S1.20-1,Pluggable control-strategy family + interpreter landed; open: durable-queue steer leg (live transport — DF-S2.11-1) and steerable-interpreter/InvocationTrail residual legs (DF-S1.20-1).
R-2.6.2,object,§5e.2,C0,MET,crates/hh-control/src/envelope.rs,S0.2; S1.20; S2.11; S3.10; S4.8; S5.5,crates/hh-control/tests/s3_10.rs,ADR-0106..0108,,Control envelope + retry/timeout policy + stop protocol landed (envelope.rs + stop.rs + retry.rs).
R-2.6.3,object,§5e.3,C3,MET,crates/hh-subagent/src/spawn.rs:486,S4.6; S5.5,crates/hh-subagent/tests/s4_6.rs; crates/hh-subagent/tests/s4_8.rs; crates/hh-orchestrator/tests/s5_5.rs,ADR-0185..0187,,Sub-agent orchestrator spawn steps + SP batteries + recursive T3 depth landed.
R-2.6.4,object,§5e.4,C3,MET,crates/hh-control/src/compute.rs:1374,S4.7; S5.5; S6.2,crates/hh-orchestrator/tests/s5_5.rs,ADR-0188..0190,,compute_policy slot contract static/uniform/rules + value-of-compute scheduling landed.
R-2.6.5,object,§5e.5,C3,MET,crates/hh-orchestrator/src/coordination.rs:42,S4.8; S5.5; S6.2,crates/hh-orchestrator/tests/s4_8.rs,ADR-0191..0193,,scoped_subtree/share + coordination topology + consistency machinery landed.
R-2.7.1,object,§5f.1,C1,PARTIAL,crates/hh-verification/src/gate.rs,S1.21; S2.11; S3.10; S4.16c,crates/hh-eval/tests/s4_16c.rs,ADR-0109..0111,defer-DF-S1.21-1; DF-S1.21-2,Verification vocabulary + gate call-site half landed; open: OOP validator conformance suite + computed-metric emission on live runs + remaining gate legs (DF-S1.21-1/-2).
R-2.7.2,object,§5f.2,C0,MET-DIFFERENTLY,ADR-0146,S1.21; S3.10; S4.16c,crates/hh-verification/src/claims.rs,ADR-0146,accept-deviation,Parent item split into R-2.7.2a + R-2.7.2b by ADR-0146; verdict discharged through the children.
R-2.7.2a,object,§5f.2,C0,MET,crates/hh-verification/src/claims.rs,S1.21; S3.10,crates/hh-verification/src/reconciler.rs; crates/hh-verification/src/followed.rs,ADR-0112..0114,,Claim-ledger substrate + completion-gate floors + deterministic divergence detectors D2/D3/D5/D6 landed (claims.rs + gate.rs + validators.rs).
R-2.7.2b,object,§5f.3,C2,PARTIAL,crates/hh-verification/src/reconciler.rs,S4.16c,crates/hh-eval/tests/s4_16c.rs,ADR-0114,defer-DF-S1.21-3,Belief-state reconciler component class + bound_reconciler D7 landed at S4.16c; open: CriticDeclaration{kind=judge} bound at link residual (DF-S1.21-3).
R-2.7.3,object,§5f.4,C2,MET,crates/hh-verification/src/critics.rs:49,S1.21; S3.10; S4.16c; S6.3b,crates/hh-eval/tests/s4_16c.rs; crates/hh-analysis/tests/s6_3b.rs,ADR-0115..0117,,Independent critics/evaluators + judge integrity landed incl. S6.3b.
R-2.8.1,object,§5g.1,C0,MET,crates/hh-monitor/src/monitor.rs:544,S1.11; S2.6; S3.11a; S4.14b,crates/hh-monitor/tests/acceptance.rs; crates/hh-monitor/tests/authorize_oop.rs; crates/hh-monitor/tests/s3_11a.rs,ADR-0051..0053,defer-DF-S1.11-2,Reference-monitor kernel + capability model + OOP authorize landed; residual is a matched-budget Pi verification cell (DF-S1.11-2 V).
R-2.8.2,object,§5g.2,C2,PARTIAL,crates/hh-containment/src/policy.rs,S2.7; S3.11a; S4.14b,crates/hh-containment/tests/acceptance.rs; crates/hh-containment/tests/s3_11b.rs,ADR-0054..0056,defer-DF-S2.7-1; DF-S1.12-6,Taint labeling + IFC propagation landed; open: labels_leaves + remedy machinery legs and reader-set flow residuals (DF-S2.7-1; DF-S1.12-6).
R-2.8.3,object,§5g.3,C0,PARTIAL,crates/hh-secrets/src/types.rs:273,S0.2; S1.13; S2.4; S3.11b; S4.14b,crates/hh-secrets/tests/acceptance.rs; crates/hh-secrets/tests/sv.rs; crates/hh-secrets/tests/s4_14b.rs,ADR-0057..0059,defer-DF-S1.13-1; DF-S1.13-4; DF-S2.4-3; DF-S2.4-2,Credential broker + placeholder mint + mediated delivery + leak_scan landed; open: dpop residual + wrapped_long_lived half (DF-S1.13-1/-4); TLS transport (DF-S2.4-2); leak_scan surface residual (DF-S2.4-3).
R-2.8.4,object,§5g.4,C0,PARTIAL,crates/hh-env/tests/egress_mediation.rs,S1.12; S2.4; S3.11b; S4.14b; CAP.3,crates/hh-env/tests/egress_mediation.rs; crates/hh-containment/tests/s3_11b.rs; crates/hh-env/tests/acceptance.rs,ADR-0060..0062; ADR-0330,done-CAP.3-DF-S2.4-1(a); DF-S2.4-1(b)(c); DF-S2.4-2; DF-S1.12-1; DF-S1.12-2,CAP.3: the dispatch path routes net_egress effects on mediated environments through EgressMediator gate/forward — durable security.egress.requested/decided + deny/ask terminals + charge-before-wire hold end-to-end (cap2_dispatch_net_egress_mediated green; default broker DenyAllResolver fail-closed). Still open: ask-endorsement ingress (DF-S2.4-1 b), fork rebind call site (c), TLS transport (DF-S2.4-2), DPoP sender constraint (DF-S1.13-1 residual).
R-2.8.5,object,§5g.5,C1,PARTIAL,crates/hh-registry/src/extension/lifecycle.rs,S1.23; S3.11b; S4.14a; S6.3a,crates/hh-registry/tests/s4_14a.rs; crates/hh-registry/tests/plugin.rs,ADR-0063..0065,defer-DF-S1.23-2,TrustRootPolicy + signature/quarantine/drift lifecycle + security.extension.* event emission landed at S4.14a; open: remaining producer legs (DF-S1.23-2 emitter residual).
R-2.8.6,object,§5g.6,C0,PARTIAL,crates/hh-ledger/src/audit.rs,S1.15; S2.5; S3.11b; S4.14b,crates/hh-ledger/tests/audit_checkpoints.rs; crates/hh-ledger/tests/s4_14b_rotation.rs,ADR-0066..0068,defer-DF-S1.15-1; DF-S1.15-3; DF-S2.5-1; DF-S3.12b-1,Tamper-evident audit + signed checkpoints + cross_run_anchors + rotation landed; open: signer custody (DF-S2.5-1); 3-of-7 emission halves (DF-S1.15-3); measurement.experiment.closed audit-field cap overflow at exemplar scale (DF-S3.12b-1).
R-2.8.7,object,§5g.7,C1,PARTIAL,crates/hh-monitor/src/approval.rs:177,S1.23; S2.6; S3.11b; S4.14a,crates/hh-monitor/tests/s4_14a.rs; crates/hh-monitor/src/approval/tests.rs,ADR-0069..0071,defer-DF-S1.23-1,HITL approval/escalation + durable pending + ApproverGrant landed; open: ApprovalOption.modify C2 half + mid-dispatch human-ask legs (DF-S1.23-1).
R-2.9.1,object,§5h.1,C0,PARTIAL,crates/hh-telemetry/src/export.rs:45,S0.2; S1.14; S4.15,crates/hh-telemetry/tests/acceptance.rs; crates/hh-telemetry/tests/s3_9.rs,ADR-0042..0044,defer-DF-S1.14-1; DF-S1.14-2; DF-S1.14-4,Telemetry instrumentation + export landed; open: emitter-coverage halves + exporter seam + measurement.export delivery leg (DF-S1.14-1/-2/-4).
R-2.9.2,instrument,§5h.2,C0,PARTIAL,crates/hh-eval/src/compare.rs:33,S1.22; S3.3; S4.15,crates/hh-eval/tests/acceptance.rs; crates/hh-eval/tests/s4_15.rs; crates/hh-eval/tests/s4_16b.rs,ADR-0045..0047,defer-DF-S1.22-1; DF-S1.22-2,Factorial eval + 8-dim scorecard + MetricDeclaration typed-n/a algebra + estimator kernel landed (S3.4c); open: combined-failure fixture + search_budget=unknown + LeakedSplit + HAL FaultType residuals (DF-S1.22-1/-2).
R-2.9.3,instrument,§5h.3,C1,PARTIAL,crates/hh-bundle/src/scoped.rs:120,S3.1; S4.2; S5.4,crates/hh-bundle/tests/codec_roundtrip.rs; crates/hh-bundle/tests/s4_2.rs; crates/hh-bundle/tests/s5_4.rs,ADR-0139..0141,defer-DF-S4.2-1,Reproducible bundle + scoped assemble + lift_foreign/export_target machinery landed end-to-end; open: remote fetch transports still need trust fields (DF-S4.2-1).
R-2.9.4,instrument,§5h.4,C1,PARTIAL,crates/hh-bench/src/adapter.rs:60,S1.24; S3.3; S4.15; S6.1a,crates/hh-bench/tests/benchset.rs; crates/hh-bench/tests/s4_15.rs; crates/hh-bench/tests/s3_12b.rs,ADR-0142..0144,defer-DF-S1.24-1; DF-S1.24-2; DF-S1.24-3,Benchmark/env integration + hermetic benchset.stage3.v1 + foreign adapters landed; open: production resolver-backed validate_removal_test checks + foreign-benchmark import over real manifests + task_id round-trip stability (DF-S1.24-1/-2); debt.hypothesis typed field (DF-S1.24-3).
R-2.9.5,instrument,§5h.5,C4,MET,crates/hh-evolution/src,S6.1a; S6.2; S6.3a; S6.4,crates/hh-evolution/tests/s6_1a.rs; crates/hh-evolution/tests/s6_2.rs; crates/hh-evolution/tests/s6_3a.rs; crates/hh-evolution/tests/s6_4.rs,ADR-0194..0196,Governed evolution pipeline landed across the full 6a-6d sub-ladder (recipe -> single-family -> multi-family -> co-evolution interface) with per-stage tests.
R-2.9.6,instrument,§5h.6,C4,PARTIAL,crates/hh-debt/src/propose.rs:78,S1.24; S3.12; S5.4; S6.1b; S6.4,crates/hh-debt/tests/s6_1b.rs; crates/hh-debt/tests/s6_4.rs,ADR-0197; ADR-0198,defer-DF-S1.24-2; DF-S1.24-3,Assumption-debt manager + schedule_removal_test + ledgered probation evidence landed; open: executable halves over real foreign manifests (DF-S1.24-2) + debt.hypothesis typed field (DF-S1.24-3).
R-2.9.7,instrument,§5h.7,C4,MET,crates/hh-analysis/src/attribution.rs,S5.4; S6.3b,crates/hh-analysis/tests/s5_4.rs; crates/hh-analysis/tests/s6_3b.rs,ADR-0199..0201,,Causal attribution + counterfactual re-execution + designed-attribution depth landed; DF-S5.4-1 DONE.
R-2.9.8,instrument,§5h.8,C4,MET,crates/hh-evolution/tests/s6_4.rs,S1.24; S5.4; S6.4,crates/hh-evolution/tests/s6_4.rs; crates/hh-debt/tests/s6_4.rs; crates/hh-lab/tests/s6_4.rs,ADR-0202..0204,,Research-grade conditional item: co-evolution interface + export surface landed at S6.4 (35 tests); conditional precondition handled honestly.
R-2.10.1,instrument,§6.1,C1,MET,crates/hh-assembly/src/compose.rs:55,S3.5; S4.5a; S5.3,crates/hh-lab/tests/assembly_service.rs; crates/hh-lab/tests/exemplars.rs,ADR-0147..0150,,Assembly service + declarative definition + plan-seal parity + lab.assembly.compile boundary op landed (DF-S3.5-1 DONE at S4.12).
R-2.10.2,instrument,§6.2,C1,MET,crates/hh-registry/src/store.rs,S1.8; S2.12; S3.4a; S4.1; S5.3,crates/hh-registry/tests/store.rs; crates/hh-registry/tests/s4_1.rs,ADR-0151..0153,defer-DF-S1.8-1,Component-variation registry + multi-namespace service + signature flows landed; residual is a cross-implementation corpus leg carried to GATE-ACCEPT (DF-S1.8-1 V).
R-2.10.3,instrument,§6.3,C1,PARTIAL,crates/hh-experiment/src/engine.rs,S1.24; S3.4a; S4.2; S4.5a; S5.3; S6.1a; S6.2; CAP.3,crates/hh-experiment/tests/engine.rs; crates/hh-experiment/tests/boundary.rs; crates/hh-embed/tests/cap_2_composed.rs,ADR-0154..0156; ADR-0327,done-CAP.3-DF-S3.12b-1; defer-DF-S4.2-1; DF-S4.2-2,Experiment/sweep engine + claim pools + pause/resume + cell expansion landed; CAP.3: measurement.experiment.closed moved to the enumerated EXPERIMENT_CLOSED_FIELDS partition (record/list members at AUDIT_FIELD_LIST_BYTES) — an honestly-measured exemplar closes completed (ADR-0327; cap2_experiment_exemplar_close_completes green). Open: remote fetch transports + foreign import/export vocabularies (DF-S4.2-1/-2).
R-2.10.4,instrument,§6.4,C2,MET,crates/hh-analysis/src/kernel.rs:430,S1.24; S3.4c; S4.3; S5.3; S6.3b; CAP.3,crates/hh-analysis/tests/kernel.rs; crates/hh-analysis/tests/s5_3.rs; crates/hh-analysis/src/ops.rs:858; crates/hh-embed/tests/cap_2_composed.rs,ADR-0157..0160; ADR-0330,,Comparison/analysis engine both classes: A1-A12 ops + A7 fit_surface + matched-budget refusals + factorial_glmm landed; CAP.3 closed DF-CAP.2-2 — resolve_arms admits the adapter-stamped budget_enforcement map (never the limits_enforced claim), so a hosted matched compare lands a real verdict (cap2_hosted_arm_stamped_enforcement_compares green).
R-2.10.5,instrument,§6.5,C1,PARTIAL,crates/hh-results/src/export.rs:46,S1.24; S3.4b; S4.3; S4.4; S5.3,crates/hh-results/tests/results.rs; crates/hh-results/tests/status.rs; crates/hh-bundle/tests/s4_4.rs,ADR-0161..0163,defer-DF-S4.2-2,Results store + experiment ledger + leaderboard views + foreign_leaderboard_submission loss report landed; open: swebench_submission/inspect_eval_log/in_toto_bundle/telemetry_trace formats declared but unlifted (DF-S4.2-2).
R-2.10.6,instrument,§6.6,C2,MET,crates/hh-hosting/src/adapter_zero.rs:1,S3.4d; S4.5a; S5.3; CAP.3,crates/hh-hosting/tests/hosting.rs; crates/hh-embed/tests/hosting.rs; crates/hh-varhost/tests/protocol.rs; crates/hh-embed/tests/cap_2_composed.rs,ADR-0164..0166; ADR-0328,,Hosting ABI hh-hosting/1 + adapter zero + capability-declared verbs + mediation stamps + dimension-keyed probes landed; DF-S1.3-2 DONE; CAP.3 closed DF-CAP.2-1 — the lift shapes hosted security.permission.* members onto the native partitions (params -> request; approval_wait_ms -> wait_ms; participant_reported provenance) so permission rows land durably through lab.hosting.attach (cap2_hosted_attach_permission_rows_land green).
R-2.11.1,object,§7.1,C1,PARTIAL,crates/hh-cli/src/presets.rs:42,S0.2; S1.26; S2.12; S3.1; S4.5a; S4.12,crates/hh-cli/tests/in_process.rs,ADR-0167..0169; ADR-0261; ADR-0274,defer-DF-S1.26-2; DF-S2.10-1,CLI + run lifecycle verbs + in-process tests landed; open: parked-detach retains interim detached:parked member pending closed-sum ruling (DF-S1.26-2); seven env verbs refuse stage_pending (DF-S2.10-1).
R-2.11.2,instrument,§7.2,C2,MET-DIFFERENTLY,crates/hh-web/src/session.rs:51,S4.10; S5.7; S6.1a,crates/hh-web/tests/instrument.rs; crates/hh-web/tests/e2e.rs; crates/hh-web/tests/security_battery.rs,ADR-0170..0172,defer-DF-S4.10-1,C1 read-only instrument (V1/V2/V3-scrub/V5-monitor/V6) + C2 editing surface landed and tested; the E3-ecosystem generated-client binding is operator work still gate-pending — in-ecosystem generated client is the declared proxy (DF-S4.10-1 P; HUMAN-H1).
R-2.11.3,instrument,§7.3,C2,PARTIAL,crates/hh-mcp-lab/src/session.rs:70,S3.1; S4.11; S5.7; CAP.3,crates/hh-mcp-lab/tests/s4_11.rs; crates/hh-mcp-lab/tests/s5_7.rs; crates/hh-mcp-lab/tests/s5_8.rs; crates/hh-mcp-lab/tests/cap_2.rs,ADR-0173..0175; ADR-0329,done-CAP.3-DF-S4.11-3; defer-DF-S4.11-1; DF-S4.11-2,hh-lab/1 MCP server read/launch/experiment/result groups + S5.7 write groups landed; CAP.3 closed DF-S4.11-3 — respond_approval is a run-less protocol builtin answering the caller own surface-run pending (decided + lease.granted atomic; retry folds durable decided rows; cap2_supply_ask_respond_approval_round_trip green). Open: Streamable HTTP SSE half (DF-S4.11-1); oauth/mtls CallerCredential mediator (DF-S4.11-2).
R-2.11.4,object,§7.4,C1,PARTIAL,crates/hh-embed/src/open.rs,S0.1; S0.2; S1.25; S3.1; S4.12; S5.8,crates/hh-embed/tests/conformance.rs; crates/hh-embed/tests/s5_8.rs; crates/hh-embed/tests/hosting.rs,ADR-0176..0179,defer-DF-S1.25-1,hh-embed/1 SDK boundary + session ops + generated client landed; open: DefinitionInput::Ref resolution needs a definition-publishing surface — currently typed UnresolvedRef refusal (DF-S1.25-1).
R-2.12.1,cross,§8.3,C0,PARTIAL,crates/hh-identity/src/sameness.rs:58,S1.2; S2.12; S3.12; S4.15; S5.4; S6.3b,crates/hh-identity/tests/acceptance.rs; crates/hh-identity/tests/golden_corpus.rs,ADR-0036..0038,defer-DF-S0.3-2; DF-S0.3-3; DF-S1.2-2; DF-S1.5-3; DF-S1.8-1; DF-S1.27-1,Canonical form + content addressing + sameness + golden corpus landed; the cross-implementation conformance half stays open to GATE-ACCEPT: foreign-toolchain canonical-parse timing (DF-S0.3-2) + human cross-camp reviewer signature (DF-S0.3-3) + second-impl corpus cells (DF-S1.2-2/S1.5-3/S1.8-1/S1.27-1).
R-2.12.2,cross,§8.4,C0,MET,crates/hh-plugin/src/dag.rs:111,S1.27; S2.2; S3.12; S4.14a; S6.1a,crates/hh-varhost/tests/memory_store_plugin.rs; crates/hh-varhost/tests/tracker_plugin.rs; crates/hh-plugin/src/corpus.rs,ADR-0180..0182,defer-DF-S1.27-1,Plugin ABI + manifest strict codec + DAG/tier-violation lint + OOP fixture plugins (memory-store tracker) landed; residual is only the second-implementation corpus checker (DF-S1.27-1 V).
R-2.12.3,program,§11.5,—,MET-DIFFERENTLY,ADR-0050,S0.1; S0.3,ADR-0050 amendment log,ADR-0009; ADR-0050,accept-deviation,Language/ecosystem decision ratified by ADR-0050 and revalidated at GATE-G1; polyglot C12 measurement + foreign-impl legs deferred to GATE-ACCEPT (DF-S0.3-2); contract discharged via decision + E1 implementation.
R-2.12.4,program,§11.3,—,MET-DIFFERENTLY,ADR-0210,—,Appendix A row,ADR-0210,accept-deviation,Spec-level deferral: the item is deferred(ADR-0210) in registers/scope.md — the build honours the deferral; no code expected.
R-2.12.5,program,§1,—,MET-DIFFERENTLY,ADR-0003,—,workspace naming applied uniformly (hh-* crates; canonical vocabulary),ADR-0003; ADR-0006; ADR-0007; ADR-0008; ADR-0011,accept-deviation,Program-level novelty/naming thesis item with no code slice; naming conventions landed pervasively; thesis discharge is a program artifact not a build behavior.
R-2.12.6,object,§5i.1,C4,MET-DIFFERENTLY,crates/hh-fleet/src/spec.rs:6,S4.9; S5.6; S6.4,crates/hh-fleet/tests/fleet.rs; crates/hh-fleet/tests/adapters.rs; crates/hh-fleet/tests/s6_4.rs; crates/hh-fleet-adapter/tests/loopback.rs,ADR-0205..0207,defer-DF-S5.6-1,Organizational layer: fleet reconciler + WorkItem + run_kind=fleet + adapters landed; the real issue tracker + signed webhook is unprovisioned (HUMAN-H2) — fixture adapter is the recorded honest proxy (DF-S5.6-1 P).
